<?xml version="1.0" encoding="UTF-8"?>
<metadata xml:lang="en"><Esri><CreaDate>20190506</CreaDate><CreaTime>21050700</CreaTime><ArcGISFormat>1.0</ArcGISFormat><SyncOnce>TRUE</SyncOnce><DataProperties><lineage><Process ToolSource="c:\program files (x86)\arcgis\desktop10.6\ArcToolbox\Toolboxes\Data Management Tools.tbx\Integrate" Date="20190506" Time="210507">Integrate "combinedsewer_drainage_area #" "5 Feet"</Process><Process ToolSource="c:\program files (x86)\arcgis\desktop10.6\ArcToolbox\Toolboxes\Data Management Tools.tbx\CalculateField" Date="20190506" Time="210621">CalculateField combinedsewer_drainage_area sewershed Left( [outfall],3 ) VB #</Process><Process ToolSource="c:\program files (x86)\arcgis\desktop10.6\ArcToolbox\Toolboxes\Data Management Tools.tbx\CalculateField" Date="20190506" Time="210640">CalculateField combinedsewer_drainage_area sewershed Left( [outfall],2 ) VB #</Process><Process ToolSource="c:\program files (x86)\arcgis\desktop10.6\ArcToolbox\Toolboxes\Data Management Tools.tbx\Integrate" Date="20190511" Time="015342">Integrate "'CS Area Separate' #" "5 Feet"</Process></lineage></DataProperties></Esri></metadata>
